[
  {
    "id": 1,
    "nom": "Justin Willemet",
    "photo": "stu1.jpeg",
    "description": "Bla bla bla, bla bla bla",
    "option": "dwt",
    "fb": "https://facebook.com/jwebmaster",
    "inst": "https://instagram.com/jwebmaster.official",
    "linkedin": "lk",
    "artstation": "art",
    "site": "https://jwebmaster.be",
    "autres": "https://justin.willemet.be"
  },
  {
    "id": 2,
    "nom": "Pina Vetrano",
    "photo": "stu2.jpeg",
    "description": "Ho Ho Ho Ho Ho Ho HO",
    "option": "dwt",
    "fb": "fb",
    "inst": "instagram",
    "linkedin": "lk",
    "artstation": "artstation",
    "site": "https://justin.willemet.be",
    "autres": ""
  }
]
