[
  {
    "id": 1,
    "nom": "Brave",
    "option": "anim3d",
    "année": 2022,
    "etudiants": "1,2",
    "etudian1": 2,
    "etudian2": "",
    "etudian3": "",
    "etudian4": "",
    "etudian5": "",
    "etudian6": "",
    "description": "",
    "brief": "",
    "site": "",
    "imgCard": "2-dwt-stu1.png",
    "video": "https://www.youtube.com/embed/OsMVtuuwOXc?si=wjDXezIP7F_0q0_i",
    "imgs": "brave-1.png,brave2.webp",
    "img1": "2-dwt-stu1.png",
    "img2": "brave2.webp",
    "img3": "",
    "img4": "",
    "img5": "",
    "img6": ""
  },
  {
    "id": 2,
    "nom": "Hello World",
    "option": "dwt",
    "année": 2023,
    "etudiants": "2,1",
    "etudian1": 1,
    "etudian2": 2,
    "etudian3": "",
    "etudian4": "",
    "etudian5": "",
    "etudian6": "",
    "description": "réalisation du projet Hello world",
    "brief": "xréation de notre premier site internet",
    "site": "https://justin.willemet.be",
    "imgCard": "2-dwt-stu1.png",
    "video": "",
    "imgs": "",
    "img1": "2-dwt-stu1.png",
    "img2": "",
    "img3": "",
    "img4": "",
    "img5": "",
    "img6": ""
  },
  {
    "id": 3,
    "nom": "Test iLab",
    "option": "medea",
    "année": 2021,
    "etudiants": "1",
    "etudian1": 1,
    "etudian2": "",
    "etudian3": "",
    "etudian4": "",
    "etudian5": "",
    "etudian6": "",
    "description": "Test iLab encodage Json",
    "brief": "wdfhgjzqfkncvs,hrqbckfjrysfhvd",
    "site": "https://jwebmaster.be",
    "imgCard": "2-dwt-stu1.png",
    "video": "https://www.youtube.com/embed/OsMVtuuwOXc?si=wjDXezIP7F_0q0_i",
    "imgs": "",
    "img1": "3-dwt-stu1.png",
    "img2": "",
    "img3": "",
    "img4": "",
    "img5": "",
    "img6": ""
  },
  {
    "id": 4,
    "nom": "setxjknrltdrdrgvskjhrdbft",
    "option": "jv",
    "année": 1980,
    "etudiants": "1,2",
    "etudian1": 1,
    "etudian2": "",
    "etudian3": "",
    "etudian4": "",
    "etudian5": "",
    "etudian6": "",
    "description": "zersgtbyeutybtdherstdy",
    "brief": "besrd(ryhbe",
    "site": "bsegdrtfhb",
    "imgCard": "2-dwt-stu1.png",
    "video": "",
    "imgs": "",
    "img1": "3-dwt-stu1.png",
    "img2": "",
    "img3": "",
    "img4": "",
    "img5": "",
    "img6": ""
  }
]
